dataset_key,family,metric,kind,geography,unit,tier,property_type,bedrooms,is_smoothed,is_seasonally_adjusted,profiles,source_path,description
zhvi_metro_mid_all,zhvi,home_value,timeseries,metro,usd,mid,sfrcondo,,true,true,core|extended,zhvi/Metro_zhvi_uc_sfrcondo_tier_0.33_0.67_sm_sa_month.csv,"Typical home value (35th-65th percentile), all homes, smoothed & seasonally adjusted."
zhvi_metro_bottom_all,zhvi,home_value,timeseries,metro,usd,bottom,sfrcondo,,true,true,core|extended,zhvi/Metro_zhvi_uc_sfrcondo_tier_0.0_0.33_sm_sa_month.csv,"Bottom-tier (5th-35th percentile) home value, all homes."
zhvi_metro_top_all,zhvi,home_value,timeseries,metro,usd,top,sfrcondo,,true,true,core|extended,zhvi/Metro_zhvi_uc_sfrcondo_tier_0.67_1.0_sm_sa_month.csv,"Top-tier (65th-95th percentile) home value, all homes."
zhvi_metro_mid_sfr,zhvi,home_value,timeseries,metro,usd,mid,sfr,,true,true,core|extended,zhvi/Metro_zhvi_uc_sfr_tier_0.33_0.67_sm_sa_month.csv,Typical single-family home value.
zhvi_metro_mid_condo,zhvi,home_value,timeseries,metro,usd,mid,condo,,true,true,core|extended,zhvi/Metro_zhvi_uc_condo_tier_0.33_0.67_sm_sa_month.csv,Typical condo/co-op home value.
zhvi_metro_mid_bed1,zhvi,home_value,timeseries,metro,usd,mid,sfrcondo,1,true,true,core|extended,zhvi/Metro_zhvi_bdrmcnt_1_uc_sfrcondo_tier_0.33_0.67_sm_sa_month.csv,Typical 1-bedroom home value.
zhvi_metro_mid_bed2,zhvi,home_value,timeseries,metro,usd,mid,sfrcondo,2,true,true,core|extended,zhvi/Metro_zhvi_bdrmcnt_2_uc_sfrcondo_tier_0.33_0.67_sm_sa_month.csv,Typical 2-bedroom home value.
zhvi_metro_mid_bed3,zhvi,home_value,timeseries,metro,usd,mid,sfrcondo,3,true,true,core|extended,zhvi/Metro_zhvi_bdrmcnt_3_uc_sfrcondo_tier_0.33_0.67_sm_sa_month.csv,Typical 3-bedroom home value.
zhvi_metro_mid_bed4,zhvi,home_value,timeseries,metro,usd,mid,sfrcondo,4,true,true,core|extended,zhvi/Metro_zhvi_bdrmcnt_4_uc_sfrcondo_tier_0.33_0.67_sm_sa_month.csv,Typical 4-bedroom home value.
zhvi_metro_mid_bed5,zhvi,home_value,timeseries,metro,usd,mid,sfrcondo,5,true,true,core|extended,zhvi/Metro_zhvi_bdrmcnt_5_uc_sfrcondo_tier_0.33_0.67_sm_sa_month.csv,Typical 5+ bedroom home value.
zhvi_state_mid_all,zhvi,home_value,timeseries,state,usd,mid,sfrcondo,,true,true,core|extended,zhvi/State_zhvi_uc_sfrcondo_tier_0.33_0.67_sm_sa_month.csv,Typical home value by state.
zhvi_county_mid_all,zhvi,home_value,timeseries,county,usd,mid,sfrcondo,,true,true,core|extended,zhvi/County_zhvi_uc_sfrcondo_tier_0.33_0.67_sm_sa_month.csv,Typical home value by county (carries state/county FIPS codes).
zhvi_city_mid_all,zhvi,home_value,timeseries,city,usd,mid,sfrcondo,,true,true,extended,zhvi/City_zhvi_uc_sfrcondo_tier_0.33_0.67_sm_sa_month.csv,Typical home value by city.
zhvi_zip_mid_all,zhvi,home_value,timeseries,zip,usd,mid,sfrcondo,,true,true,extended,zhvi/Zip_zhvi_uc_sfrcondo_tier_0.33_0.67_sm_sa_month.csv,Typical home value by ZIP code.
zori_metro_all,zori,rent,timeseries,metro,usd_per_month,,sfrcondomfr,,true,false,core|extended,zori/Metro_zori_uc_sfrcondomfr_sm_month.csv,"Observed rent index, all homes plus multifamily, smoothed."
zori_metro_sfr,zori,rent,timeseries,metro,usd_per_month,,sfr,,true,false,core|extended,zori/Metro_zori_uc_sfr_sm_month.csv,"Observed rent index, single-family residences."
zori_metro_mfr,zori,rent,timeseries,metro,usd_per_month,,mfr,,true,false,core|extended,zori/Metro_zori_uc_mfr_sm_month.csv,"Observed rent index, multifamily (5+ units)."
zori_county_all,zori,rent,timeseries,county,usd_per_month,,sfrcondomfr,,true,false,core|extended,zori/County_zori_uc_sfrcondomfr_sm_month.csv,Observed rent index by county (carries state/county FIPS codes).
zori_city_all,zori,rent,timeseries,city,usd_per_month,,sfrcondomfr,,true,false,extended,zori/City_zori_uc_sfrcondomfr_sm_month.csv,Observed rent index by city.
zori_zip_all,zori,rent,timeseries,zip,usd_per_month,,sfrcondomfr,,true,false,extended,zori/Zip_zori_uc_sfrcondomfr_sm_month.csv,Observed rent index by ZIP code.
zhvf_metro_mid_all,zhvf,home_value_growth_forecast,forecast,metro,percent,mid,sfrcondo,,true,true,core|extended,zhvf_growth/Metro_zhvf_growth_uc_sfrcondo_tier_0.33_0.67_sm_sa_month.csv,Forecast % change in ZHVI from BaseDate to each horizon month.
zhvf_zip_mid_all,zhvf,home_value_growth_forecast,forecast,zip,percent,mid,sfrcondo,,true,true,extended,zhvf_growth/Zip_zhvf_growth_uc_sfrcondo_tier_0.33_0.67_sm_sa_month.csv,ZIP-level ZHVI growth forecast.
inventory_metro,market,for_sale_inventory,timeseries,metro,count,,sfrcondo,,true,false,core|extended,invt_fs/Metro_invt_fs_uc_sfrcondo_sm_month.csv,Count of unique listings active during the month (smoothed).
new_listings_metro,market,new_listings,timeseries,metro,count,,sfrcondo,,true,false,core|extended,new_listings/Metro_new_listings_uc_sfrcondo_sm_month.csv,Listings that came on the market during the month (smoothed).
new_pending_metro,market,newly_pending,timeseries,metro,count,,sfrcondo,,true,false,core|extended,new_pending/Metro_new_pending_uc_sfrcondo_sm_month.csv,Listings that went pending during the month (smoothed).
median_list_price_metro,market,median_list_price,timeseries,metro,usd,,sfrcondo,,true,false,core|extended,mlp/Metro_mlp_uc_sfrcondo_sm_month.csv,Median list price of active listings (smoothed).
median_sale_price_metro,market,median_sale_price,timeseries,metro,usd,,sfrcondo,,true,false,core|extended,median_sale_price/Metro_median_sale_price_uc_sfrcondo_sm_month.csv,Median sale price (smoothed).
median_sale_to_list_metro,market,median_sale_to_list,timeseries,metro,ratio,,sfrcondo,,true,false,core|extended,median_sale_to_list/Metro_median_sale_to_list_uc_sfrcondo_sm_month.csv,Median ratio of sale price to final list price (smoothed).
pct_sold_above_list_metro,market,share_sold_above_list,timeseries,metro,ratio,,sfrcondo,,true,false,core|extended,pct_sold_above_list/Metro_pct_sold_above_list_uc_sfrcondo_sm_month.csv,Share of homes sold above list price (smoothed).
pct_sold_below_list_metro,market,share_sold_below_list,timeseries,metro,ratio,,sfrcondo,,true,false,core|extended,pct_sold_below_list/Metro_pct_sold_below_list_uc_sfrcondo_sm_month.csv,Share of homes sold below list price (smoothed).
median_days_to_pending_metro,market,median_days_to_pending,timeseries,metro,days,,sfrcondo,,true,false,core|extended,med_doz_pending/Metro_med_doz_pending_uc_sfrcondo_sm_month.csv,Median days from listing to pending (smoothed).
share_price_cut_metro,market,share_listings_price_cut,timeseries,metro,ratio,,sfrcondo,,true,false,core|extended,perc_listings_price_cut/Metro_perc_listings_price_cut_uc_sfrcondo_sm_month.csv,Share of listings with a price cut during the month (smoothed).
sales_count_metro,market,sales_count,timeseries,metro,count,,sfrcondo,,false,false,core|extended,sales_count_now/Metro_sales_count_now_uc_sfrcondo_month.csv,"Estimated count of homes sold (nowcast), raw."
market_heat_index_metro,market,market_heat_index,timeseries,metro,index,,sfrcondo,,false,false,core|extended,market_temp_index/Metro_market_temp_index_uc_sfrcondo_month.csv,"Zillow Market Heat Index (>= 70 strong seller's market, <= 28 strong buyer's market)."
total_monthly_payment_metro,affordability,total_monthly_payment,timeseries,metro,usd,mid,sfrcondo,,true,true,core|extended,total_monthly_payment/Metro_total_monthly_payment_downpayment_0.20_uc_sfrcondo_tier_0.33_0.67_sm_sa_month.csv,Zillow's typical total monthly housing payment with 20% down.
homeowner_income_needed_metro,affordability,homeowner_income_needed,timeseries,metro,usd,mid,sfrcondo,,true,true,core|extended,new_homeowner_income_needed/Metro_new_homeowner_income_needed_downpayment_0.20_uc_sfrcondo_tier_0.33_0.67_sm_sa_month.csv,Annual income Zillow estimates is needed to afford the typical home (20% down).
homeowner_affordability_metro,affordability,homeowner_affordability,timeseries,metro,ratio,mid,sfrcondo,,true,true,core|extended,new_homeowner_affordability/Metro_new_homeowner_affordability_downpayment_0.20_uc_sfrcondo_tier_0.33_0.67_sm_sa_month.csv,Share of median household income spent on the typical total monthly payment.
renter_income_needed_metro,affordability,renter_income_needed,timeseries,metro,usd,,sfrcondomfr,,true,true,core|extended,new_renter_income_needed/Metro_new_renter_income_needed_uc_sfrcondomfr_sm_sa_month.csv,Annual income Zillow estimates is needed to afford the typical rent.
renter_affordability_metro,affordability,renter_affordability,timeseries,metro,ratio,,sfrcondomfr,,true,true,core|extended,new_renter_affordability/Metro_new_renter_affordability_uc_sfrcondomfr_sm_sa_month.csv,Share of median renter household income spent on the typical rent.
new_construction_sales_metro,new_construction,new_construction_sales_count,timeseries,metro,count,,sfrcondo,,false,false,core|extended,new_con_sales_count_raw/Metro_new_con_sales_count_raw_uc_sfrcondo_month.csv,"Count of newly constructed homes sold, raw."
new_construction_price_metro,new_construction,new_construction_median_sale_price,timeseries,metro,usd,,sfrcondo,,false,false,core|extended,new_con_median_sale_price/Metro_new_con_median_sale_price_uc_sfrcondo_month.csv,"Median sale price of newly constructed homes, raw."
